month,source_hour,mean_pv_generation_kw,median_pv_generation_kw,min_pv_generation_kw,max_pv_generation_kw,std_pv_generation_kw,valid_observation_count,missing_observation_count,pv_capacity_kw,performance_ratio
1,1,0.7857142857142858,0.4222222222222222,0.0,2.777777777777778,0.8325116013659508,14,1,100.0,0.8
1,2,2.0533333333333332,1.688888888888889,0.46666666666666673,6.9333333333333345,1.6472263042322077,15,1,100.0,0.8
1,3,4.842962962962963,4.222222222222222,1.2000000000000002,12.4,2.6252668182752354,15,1,100.0,0.8
1,4,8.512592592592592,8.311111111111112,2.577777777777778,18.333333333333332,3.6900979723128606,15,1,100.0,0.8
1,5,13.237037037037036,13.022222222222224,3.933333333333333,25.933333333333334,5.08556532951377,15,1,100.0,0.8
1,6,19.094814814814814,19.466666666666665,7.088888888888889,34.31111111111112,6.2848069464311695,15,1,100.0,0.8
1,7,26.041481481481483,26.377777777777784,10.955555555555556,41.57777777777778,7.2829237431192,15,1,100.0,0.8
1,8,32.98518518518519,34.2,15.200000000000001,48.644444444444446,8.255858554403144,15,1,100.0,0.8
1,9,39.466666666666676,40.77777777777778,20.28888888888889,53.46666666666667,8.720597361543053,15,1,100.0,0.8
1,10,44.56444444444445,46.6,23.866666666666674,56.800000000000004,9.275131454166216,15,1,100.0,0.8
1,11,48.50962962962964,49.91111111111112,26.022222222222226,58.22222222222223,8.909078130393228,15,1,100.0,0.8
1,12,50.58518518518519,52.800000000000004,26.644444444444446,61.77777777777777,9.085440672655526,15,1,100.0,0.8
1,13,50.84000000000001,54.06666666666666,27.799999999999997,61.955555555555556,8.223424193568768,15,1,100.0,0.8
1,14,48.16592592592592,50.133333333333326,26.177777777777777,59.466666666666676,7.968168004764067,15,1,100.0,0.8
1,15,44.00444444444444,44.73333333333333,23.77777777777778,54.68888888888888,7.491988431154795,15,1,100.0,0.8
1,16,38.07111111111111,39.0,20.266666666666666,48.44444444444444,6.623597385714377,15,1,100.0,0.8
1,17,31.43999999999999,32.37777777777778,17.733333333333334,39.31111111111111,5.573572056354176,15,1,100.0,0.8
1,18,24.124444444444443,24.84444444444445,13.777777777777779,31.266666666666666,4.872604915198029,15,1,100.0,0.8
1,19,17.59111111111111,17.95555555555556,9.71111111111111,23.555555555555557,4.100413365835584,15,1,100.0,0.8
1,20,11.466666666666667,12.200000000000001,6.555555555555556,15.555555555555555,2.803336384624855,15,1,100.0,0.8
1,21,6.8385185185185176,7.711111111111112,3.1999999999999997,9.955555555555556,2.3918507539966773,15,1,100.0,0.8
1,22,3.3140740740740737,3.6,1.2666666666666668,6.666666666666666,1.5027045967961288,15,1,100.0,0.8
1,23,1.3274074074074071,1.0888888888888888,0.2,3.888888888888889,0.9645010102154602,15,1,100.0,0.8
1,24,0.6340740740740739,0.46666666666666673,0.0,2.0222222222222217,0.5832988148013147,15,1,100.0,0.8
2,1,0.029166666666666667,0.0,0.0,0.17777777777777778,0.05663761056083804,16,0,100.0,0.8
2,2,0.08055555555555556,0.022222222222222223,0.0,0.39999999999999997,0.11239993263328532,16,0,100.0,0.8
2,3,0.5805555555555555,0.4222222222222222,0.0,1.7111111111111112,0.5330168814256953,16,0,100.0,0.8
2,4,2.361111111111111,2.011111111111111,0.22222222222222224,5.888888888888889,1.6159594991461448,16,0,100.0,0.8
2,5,5.784722222222222,5.366666666666667,3.0666666666666673,10.8,2.344343950803888,16,0,100.0,0.8
2,6,11.027777777777779,10.044444444444444,7.177777777777779,17.711111111111112,2.9374662243045524,16,0,100.0,0.8
2,7,16.75277777777778,15.26666666666667,12.0,25.155555555555555,3.6370645695571002,16,0,100.0,0.8
2,8,23.266666666666666,22.21111111111111,17.777777777777782,31.488888888888887,4.1370592525680925,16,0,100.0,0.8
2,9,28.87083333333333,27.72222222222222,22.555555555555554,38.08888888888889,4.791770852329497,16,0,100.0,0.8
2,10,34.33611111111111,33.11111111111111,28.0,43.44444444444444,4.605595987849149,16,0,100.0,0.8
2,11,38.30555555555556,37.05555555555556,32.44444444444445,48.88888888888889,4.794801711936596,16,0,100.0,0.8
2,12,39.50555555555556,38.833333333333336,31.066666666666663,49.55555555555556,5.142464221713648,16,0,100.0,0.8
2,13,40.329166666666666,40.15555555555556,33.46666666666667,52.42222222222222,5.030332479664448,16,0,100.0,0.8
2,14,38.59583333333334,37.7,31.711111111111116,48.75555555555556,4.710287969668271,16,0,100.0,0.8
2,15,34.06944444444444,32.53333333333333,25.08888888888889,47.111111111111114,5.1629504755680875,16,0,100.0,0.8
2,16,28.40277777777778,26.955555555555556,19.444444444444446,39.488888888888894,4.618394961072615,16,0,100.0,0.8
2,17,22.18888888888889,21.788888888888888,13.288888888888891,29.2888888888889,3.9541820336898446,16,0,100.0,0.8
2,18,15.8375,15.944444444444443,8.222222222222221,21.91111111111111,3.47191168981773,16,0,100.0,0.8
2,19,9.552777777777777,9.922222222222224,4.111111111111111,14.488888888888889,2.7838319210414,16,0,100.0,0.8
2,20,4.480555555555556,5.2444444444444445,0.9333333333333335,8.4,2.145457446401813,16,0,100.0,0.8
2,21,1.4069444444444446,1.4333333333333336,0.0,3.0444444444444447,0.8918365477953565,16,0,100.0,0.8
2,22,0.4055555555555556,0.2777777777777778,0.0,1.688888888888889,0.46426188153907894,16,0,100.0,0.8
2,23,0.08194444444444446,0.011111111111111112,0.0,0.888888888888889,0.21964711691046207,16,0,100.0,0.8
2,24,0.04305555555555556,0.0,0.0,0.5333333333333334,0.13344902388293683,16,0,100.0,0.8
3,1,0.0,0.0,0.0,0.0,0.0,16,0,100.0,0.8
3,2,0.0041666666666666675,0.0,0.0,0.06666666666666668,0.01666666666666667,16,0,100.0,0.8
3,3,0.05138888888888889,0.0,0.0,0.8222222222222222,0.20555555555555555,16,0,100.0,0.8
3,4,0.19305555555555556,0.0,0.0,2.866666666666667,0.7140549597872058,16,0,100.0,0.8
3,5,0.6402777777777778,0.0888888888888889,0.022222222222222223,5.844444444444445,1.4683092653679717,16,0,100.0,0.8
3,6,2.2236111111111114,1.088888888888889,0.5111111111111111,11.133333333333333,2.798829487849807,16,0,100.0,0.8
3,7,6.3375,4.855555555555556,2.9111111111111114,17.933333333333334,3.9191938261476147,16,0,100.0,0.8
3,8,11.929166666666667,10.333333333333334,7.4,23.46666666666667,4.027250540204849,16,0,100.0,0.8
3,9,17.30972222222222,16.455555555555556,11.377777777777778,28.57777777777778,4.1349934439963745,16,0,100.0,0.8
3,10,21.955555555555556,21.96666666666667,15.377777777777778,32.46666666666667,4.13522855793213,16,0,100.0,0.8
3,11,25.316666666666666,25.133333333333333,18.177777777777774,34.6,4.485767158010408,16,0,100.0,0.8
3,12,26.53888888888889,25.544444444444444,20.511111111111113,37.53333333333333,4.363284902918089,16,0,100.0,0.8
3,13,26.66388888888889,25.488888888888887,20.28888888888889,37.37777777777777,4.422522788966726,16,0,100.0,0.8
3,14,24.423611111111114,23.444444444444446,17.866666666666667,33.13333333333334,3.9311395325899285,16,0,100.0,0.8
3,15,20.484722222222224,20.56666666666667,14.044444444444444,27.688888888888886,3.6746016832936044,16,0,100.0,0.8
3,16,15.368055555555557,15.511111111111113,8.955555555555556,21.555555555555557,3.463797186109784,16,0,100.0,0.8
3,17,9.805555555555557,10.222222222222221,3.5777777777777775,14.244444444444444,3.01581564969111,16,0,100.0,0.8
3,18,5.169444444444444,4.677777777777778,0.5555555555555557,17.0,3.6396434049541635,16,0,100.0,0.8
3,19,1.3194444444444444,1.1666666666666667,0.022222222222222223,2.977777777777778,0.8353063064016717,16,0,100.0,0.8
3,20,0.13194444444444445,0.0888888888888889,0.0,0.4888888888888889,0.14228441927027072,16,0,100.0,0.8
3,21,0.001388888888888889,0.0,0.0,0.022222222222222223,0.005555555555555557,16,0,100.0,0.8
3,22,0.0,0.0,0.0,0.0,0.0,16,0,100.0,0.8
3,23,0.0,0.0,0.0,0.0,0.0,15,1,100.0,0.8
3,24,0.0,0.0,0.0,0.0,0.0,15,1,100.0,0.8
4,1,0.0,0.0,0.0,0.0,0.0,16,0,100.0,0.8
4,2,0.0,0.0,0.0,0.0,0.0,16,0,100.0,0.8
4,3,0.0,0.0,0.0,0.0,0.0,16,0,100.0,0.8
4,4,0.0,0.0,0.0,0.0,0.0,16,0,100.0,0.8
4,5,0.0,0.0,0.0,0.0,0.0,16,0,100.0,0.8
4,6,0.022222222222222223,0.0,0.0,0.24444444444444446,0.06179749219144952,16,0,100.0,0.8
4,7,0.29166666666666663,0.055555555555555566,0.0,1.6666666666666665,0.49156674021164665,16,0,100.0,0.8
4,8,1.6583333333333337,0.7333333333333334,0.26666666666666666,4.733333333333333,1.6269515030927129,16,0,100.0,0.8
4,9,3.9722222222222223,3.1111111111111116,1.2222222222222223,8.311111111111112,2.1878000676027205,16,0,100.0,0.8
4,10,7.03888888888889,6.077777777777779,2.6,11.777777777777779,2.410122685264112,16,0,100.0,0.8
4,11,9.279166666666667,8.899999999999999,4.7555555555555555,13.466666666666667,2.1527047777348165,16,0,100.0,0.8
4,12,10.56388888888889,10.155555555555557,6.177777777777779,17.733333333333334,2.5739419097432075,16,0,100.0,0.8
4,13,9.870833333333334,10.366666666666667,5.866666666666667,15.0,2.351712011007311,16,0,100.0,0.8
4,14,8.145833333333334,8.8,3.68888888888889,13.0,2.4278760892036377,16,0,100.0,0.8
4,15,5.463888888888889,5.777777777777779,1.2000000000000002,9.466666666666667,2.1249972161685955,16,0,100.0,0.8
4,16,2.525,2.7333333333333334,0.06666666666666668,4.622222222222222,1.311848505757282,16,0,100.0,0.8
4,17,0.7708333333333334,0.7888888888888889,0.0,2.488888888888889,0.6342082974930662,16,0,100.0,0.8
4,18,0.051388888888888894,0.0,0.0,0.3111111111111111,0.08614993151238413,16,0,100.0,0.8
4,19,0.001388888888888889,0.0,0.0,0.022222222222222223,0.005555555555555557,16,0,100.0,0.8
4,20,0.0,0.0,0.0,0.0,0.0,16,0,100.0,0.8
4,21,0.0,0.0,0.0,0.0,0.0,16,0,100.0,0.8
4,22,0.0,0.0,0.0,0.0,0.0,16,0,100.0,0.8
4,23,0.0,0.0,0.0,0.0,0.0,16,0,100.0,0.8
4,24,0.0,0.0,0.0,0.0,0.0,16,0,100.0,0.8
5,1,0.0,0.0,0.0,0.0,0.0,14,2,100.0,0.8
5,2,0.0,0.0,0.0,0.0,0.0,14,2,100.0,0.8
5,3,0.0,0.0,0.0,0.0,0.0,14,2,100.0,0.8
5,4,0.0,0.0,0.0,0.0,0.0,14,2,100.0,0.8
5,5,0.0,0.0,0.0,0.0,0.0,14,2,100.0,0.8
5,6,0.0,0.0,0.0,0.0,0.0,14,2,100.0,0.8
5,7,0.0,0.0,0.0,0.0,0.0,14,2,100.0,0.8
5,8,0.0015873015873015873,0.0,0.0,0.022222222222222223,0.005939138709164986,14,2,100.0,0.8
5,9,0.042857142857142864,0.011111111111111112,0.0,0.2,0.05941422554167363,14,2,100.0,0.8
5,10,0.4412698412698413,0.24444444444444446,0.0,1.2444444444444445,0.4127923251840289,14,2,100.0,0.8
5,11,1.3396825396825398,1.2222222222222223,0.2,2.6222222222222227,0.675239949412298,14,2,100.0,0.8
5,12,2.107936507936508,2.011111111111111,1.0666666666666669,3.5777777777777775,0.724440099764495,14,2,100.0,0.8
5,13,2.0238095238095237,1.911111111111111,0.24444444444444446,3.8444444444444446,0.9092315106920092,14,2,100.0,0.8
5,14,1.1888888888888887,1.1666666666666667,0.0,2.755555555555556,0.7864836331565789,14,2,100.0,0.8
5,15,0.33650793650793653,0.24444444444444446,0.0,1.1555555555555557,0.3318894245838366,14,2,100.0,0.8
5,16,0.025396825396825397,0.0,0.0,0.13333333333333336,0.039806886982718434,14,2,100.0,0.8
5,17,0.0,0.0,0.0,0.0,0.0,14,2,100.0,0.8
5,18,0.0,0.0,0.0,0.0,0.0,14,2,100.0,0.8
5,19,0.0,0.0,0.0,0.0,0.0,14,2,100.0,0.8
5,20,0.0,0.0,0.0,0.0,0.0,14,2,100.0,0.8
5,21,0.0,0.0,0.0,0.0,0.0,14,2,100.0,0.8
5,22,0.0,0.0,0.0,0.0,0.0,14,2,100.0,0.8
5,23,0.0,0.0,0.0,0.0,0.0,14,2,100.0,0.8
5,24,0.0,0.0,0.0,0.0,0.0,14,2,100.0,0.8
6,1,,,,,,0,16,100.0,0.8
6,2,,,,,,0,16,100.0,0.8
6,3,,,,,,0,16,100.0,0.8
6,4,,,,,,0,16,100.0,0.8
6,5,,,,,,0,16,100.0,0.8
6,6,,,,,,0,16,100.0,0.8
6,7,,,,,,0,16,100.0,0.8
6,8,,,,,,0,16,100.0,0.8
6,9,,,,,,0,16,100.0,0.8
6,10,,,,,,0,16,100.0,0.8
6,11,,,,,,0,16,100.0,0.8
6,12,,,,,,0,16,100.0,0.8
6,13,,,,,,0,16,100.0,0.8
6,14,,,,,,0,16,100.0,0.8
6,15,,,,,,0,16,100.0,0.8
6,16,,,,,,0,16,100.0,0.8
6,17,,,,,,0,16,100.0,0.8
6,18,,,,,,0,16,100.0,0.8
6,19,,,,,,0,16,100.0,0.8
6,20,,,,,,0,16,100.0,0.8
6,21,,,,,,0,16,100.0,0.8
6,22,,,,,,0,16,100.0,0.8
6,23,,,,,,0,16,100.0,0.8
6,24,,,,,,0,16,100.0,0.8
7,1,0.0,0.0,0.0,0.0,0.0,10,6,100.0,0.8
7,2,0.0,0.0,0.0,0.0,0.0,10,6,100.0,0.8
7,3,0.0,0.0,0.0,0.0,0.0,10,6,100.0,0.8
7,4,0.0,0.0,0.0,0.0,0.0,10,6,100.0,0.8
7,5,0.0,0.0,0.0,0.0,0.0,10,6,100.0,0.8
7,6,0.0,0.0,0.0,0.0,0.0,10,6,100.0,0.8
7,7,0.0,0.0,0.0,0.0,0.0,10,6,100.0,0.8
7,8,0.0,0.0,0.0,0.0,0.0,10,6,100.0,0.8
7,9,0.011111111111111112,0.0,0.0,0.08888888888888889,0.028206567058755218,10,6,100.0,0.8
7,10,0.12000000000000002,0.022222222222222223,0.0,0.6222222222222222,0.20291429532757255,10,6,100.0,0.8
7,11,0.52,0.5111111111111112,0.0,1.4444444444444449,0.4745599362135251,10,6,100.0,0.8
7,12,1.088888888888889,1.3333333333333335,0.35555555555555557,1.6,0.5122370850257918,10,6,100.0,0.8
7,13,0.9511111111111111,0.8444444444444446,0.24444444444444446,2.0,0.5906263676579632,10,6,100.0,0.8
7,14,0.3088888888888889,0.11111111111111112,0.0,0.888888888888889,0.33084669200051214,10,6,100.0,0.8
7,15,0.05111111111111111,0.0,0.0,0.33333333333333326,0.10319983411477399,10,6,100.0,0.8
7,16,0.0,0.0,0.0,0.0,0.0,10,6,100.0,0.8
7,17,0.0,0.0,0.0,0.0,0.0,10,6,100.0,0.8
7,18,0.0,0.0,0.0,0.0,0.0,10,6,100.0,0.8
7,19,0.0,0.0,0.0,0.0,0.0,10,6,100.0,0.8
7,20,0.0,0.0,0.0,0.0,0.0,10,6,100.0,0.8
7,21,0.0,0.0,0.0,0.0,0.0,10,6,100.0,0.8
7,22,0.0,0.0,0.0,0.0,0.0,10,6,100.0,0.8
7,23,0.0,0.0,0.0,0.0,0.0,10,6,100.0,0.8
7,24,0.0,0.0,0.0,0.0,0.0,10,6,100.0,0.8
8,1,0.0,0.0,0.0,0.0,0.0,16,0,100.0,0.8
8,2,0.0,0.0,0.0,0.0,0.0,16,0,100.0,0.8
8,3,0.0,0.0,0.0,0.0,0.0,16,0,100.0,0.8
8,4,0.0,0.0,0.0,0.0,0.0,16,0,100.0,0.8
8,5,0.0,0.0,0.0,0.0,0.0,16,0,100.0,0.8
8,6,0.0,0.0,0.0,0.0,0.0,16,0,100.0,0.8
8,7,0.015277777777777779,0.0,0.0,0.2,0.050491412300007844,16,0,100.0,0.8
8,8,0.30694444444444446,0.12222222222222223,0.022222222222222223,1.377777777777778,0.39496574837171805,16,0,100.0,0.8
8,9,1.4541666666666666,1.0444444444444443,0.4222222222222223,3.555555555555556,0.9479618595928839,16,0,100.0,0.8
8,10,3.527777777777778,3.0222222222222226,2.0222222222222217,8.333333333333334,1.5390125635555718,16,0,100.0,0.8
8,11,5.550000000000001,5.199999999999999,3.8444444444444446,10.777777777777779,1.5849601778694944,16,0,100.0,0.8
8,12,6.516666666666667,6.399999999999999,3.777777777777778,12.11111111111111,1.8112678868750172,16,0,100.0,0.8
8,13,6.325,6.355555555555555,2.8222222222222224,11.8,2.153957024686781,16,0,100.0,0.8
8,14,4.779166666666667,5.122222222222222,0.8222222222222222,8.97777777777778,2.1994757138095116,16,0,100.0,0.8
8,15,2.9125000000000005,3.022222222222223,0.06666666666666668,8.911111111111111,2.1342354381252777,16,0,100.0,0.8
8,16,0.9319444444444445,0.8999999999999999,0.0,2.8444444444444446,0.7559680246683637,16,0,100.0,0.8
8,17,0.18333333333333338,0.0888888888888889,0.0,1.6444444444444448,0.3971503431469353,16,0,100.0,0.8
8,18,0.001388888888888889,0.0,0.0,0.022222222222222223,0.005555555555555557,16,0,100.0,0.8
8,19,0.0,0.0,0.0,0.0,0.0,16,0,100.0,0.8
8,20,0.0,0.0,0.0,0.0,0.0,16,0,100.0,0.8
8,21,0.0,0.0,0.0,0.0,0.0,16,0,100.0,0.8
8,22,0.0,0.0,0.0,0.0,0.0,16,0,100.0,0.8
8,23,0.0,0.0,0.0,0.0,0.0,16,0,100.0,0.8
8,24,0.0,0.0,0.0,0.0,0.0,16,0,100.0,0.8
9,1,0.0,0.0,0.0,0.0,0.0,16,0,100.0,0.8
9,2,0.0,0.0,0.0,0.0,0.0,16,0,100.0,0.8
9,3,0.0,0.0,0.0,0.0,0.0,16,0,100.0,0.8
9,4,0.006944444444444445,0.0,0.0,0.08888888888888889,0.02254396710153067,16,0,100.0,0.8
9,5,0.10833333333333334,0.0,0.0,0.888888888888889,0.2601519024448582,16,0,100.0,0.8
9,6,0.6138888888888889,0.12222222222222223,0.0,3.0666666666666673,0.9987275855424526,16,0,100.0,0.8
9,7,2.7152777777777777,1.8222222222222224,0.8666666666666668,7.37777777777778,2.183819567005152,16,0,100.0,0.8
9,8,6.933333333333334,6.055555555555557,4.377777777777778,12.4,2.5644482957798926,16,0,100.0,0.8
9,9,11.886111111111111,11.18888888888889,9.266666666666666,17.0,2.247996822047166,16,0,100.0,0.8
9,10,16.383333333333336,16.18888888888889,13.644444444444444,19.955555555555563,1.883041056748148,16,0,100.0,0.8
9,11,19.558333333333334,19.3,16.155555555555555,25.066666666666663,2.221420225650707,16,0,100.0,0.8
9,12,20.89861111111111,20.944444444444443,14.0,27.644444444444446,2.953242968826272,16,0,100.0,0.8
9,13,20.71388888888889,20.700000000000003,11.6,28.177777777777777,3.705388135481613,16,0,100.0,0.8
9,14,18.15138888888889,19.488888888888887,8.888888888888891,21.37777777777778,3.6553154823790743,16,0,100.0,0.8
9,15,14.297222222222224,15.8,4.7555555555555555,18.466666666666665,4.081747991567664,16,0,100.0,0.8
9,16,9.344444444444445,9.877777777777778,1.7111111111111112,13.777777777777779,3.6083488010388978,16,0,100.0,0.8
9,17,4.566666666666667,5.200000000000001,0.17777777777777778,7.177777777777779,2.195813450140729,16,0,100.0,0.8
9,18,1.4055555555555554,1.5666666666666669,0.022222222222222223,2.6,0.8975687325378651,16,0,100.0,0.8
9,19,0.11666666666666667,0.12222222222222223,0.0,0.37777777777777777,0.1034388151390292,16,0,100.0,0.8
9,20,0.0,0.0,0.0,0.0,0.0,16,0,100.0,0.8
9,21,0.0,0.0,0.0,0.0,0.0,16,0,100.0,0.8
9,22,0.0,0.0,0.0,0.0,0.0,16,0,100.0,0.8
9,23,0.0,0.0,0.0,0.0,0.0,16,0,100.0,0.8
9,24,0.0,0.0,0.0,0.0,0.0,16,0,100.0,0.8
10,1,0.0,0.0,0.0,0.0,0.0,16,0,100.0,0.8
10,2,0.04166666666666667,0.0,0.0,0.35555555555555557,0.11033059188716808,16,0,100.0,0.8
10,3,0.3138888888888889,0.022222222222222223,0.0,2.1333333333333337,0.7091117726937267,16,0,100.0,0.8
10,4,1.3166666666666669,0.577777777777778,0.17777777777777778,5.533333333333334,1.6390401687869398,16,0,100.0,0.8
10,5,4.140277777777778,2.855555555555556,1.7111111111111112,11.68888888888889,3.110938817980532,16,0,100.0,0.8
10,6,8.941666666666666,6.555555555555555,4.933333333333333,18.53333333333333,4.185799037250464,16,0,100.0,0.8
10,7,15.57361111111111,13.266666666666667,10.422222222222222,24.62222222222222,4.576606961026932,16,0,100.0,0.8
10,8,22.48611111111111,21.044444444444444,16.77777777777778,30.066666666666663,4.493344873048155,16,0,100.0,0.8
10,9,28.433333333333337,27.155555555555555,22.73333333333333,35.24444444444444,4.093950168668286,16,0,100.0,0.8
10,10,33.67222222222222,33.41111111111111,29.0,41.17777777777778,3.741652987409347,16,0,100.0,0.8
10,11,36.90833333333334,36.34444444444445,32.97777777777778,44.04444444444445,3.4029653009553575,16,0,100.0,0.8
10,12,38.80972222222222,37.95555555555556,31.53333333333333,46.75555555555556,3.722718319621135,16,0,100.0,0.8
10,13,37.89027777777778,38.07777777777778,29.06666666666667,49.62222222222223,4.5003042878373885,16,0,100.0,0.8
10,14,35.234722222222224,36.333333333333336,24.355555555555558,44.977777777777774,4.968277765042659,16,0,100.0,0.8
10,15,30.690277777777776,32.55555555555556,18.0,42.08888888888889,5.829650159971379,16,0,100.0,0.8
10,16,24.89305555555556,26.77777777777778,11.777777777777779,34.28888888888889,6.279326423209587,16,0,100.0,0.8
10,17,18.64166666666667,20.222222222222225,6.133333333333335,26.911111111111115,6.111716468333624,16,0,100.0,0.8
10,18,11.962499999999999,13.555555555555555,1.9777777777777779,17.644444444444446,5.067632908191069,16,0,100.0,0.8
10,19,6.440277777777776,7.0,0.11111111111111112,15.222222222222223,3.934854016566211,16,0,100.0,0.8
10,20,2.283333333333333,2.166666666666667,0.0,7.933333333333334,1.954300944345563,16,0,100.0,0.8
10,21,0.42500000000000004,0.3666666666666667,0.0,1.6222222222222218,0.44665192531414355,16,0,100.0,0.8
10,22,0.026388888888888892,0.011111111111111112,0.0,0.11111111111111112,0.03463507582446233,16,0,100.0,0.8
10,23,0.0,0.0,0.0,0.0,0.0,16,0,100.0,0.8
10,24,0.0,0.0,0.0,0.0,0.0,16,0,100.0,0.8
11,1,0.6125,0.37777777777777777,0.0,2.2,0.6937685599786251,16,0,100.0,0.8
11,2,1.751388888888889,1.0444444444444445,0.022222222222222223,6.511111111111112,1.9643609626974234,16,0,100.0,0.8
11,3,4.419444444444444,3.1222222222222227,0.2888888888888889,12.200000000000001,3.4998212770359314,16,0,100.0,0.8
11,4,8.690277777777778,7.577777777777778,1.4666666666666666,17.55555555555556,4.592951972199367,16,0,100.0,0.8
11,5,13.995833333333334,12.26666666666667,4.644444444444444,24.244444444444444,5.647285483604786,16,0,100.0,0.8
11,6,20.204166666666666,18.300000000000004,9.288888888888888,31.644444444444446,6.377053610971266,16,0,100.0,0.8
11,7,27.24861111111111,26.177777777777777,17.866666666666667,38.71111111111111,6.181806406923052,16,0,100.0,0.8
11,8,33.88194444444444,33.400000000000006,23.911111111111115,44.66666666666666,6.034292775496685,16,0,100.0,0.8
11,9,40.462500000000006,39.922222222222224,30.222222222222225,48.44444444444444,5.527831378857936,16,0,100.0,0.8
11,10,45.894444444444446,46.133333333333326,37.022222222222226,51.800000000000004,4.853281101333373,16,0,100.0,0.8
11,11,49.25555555555555,50.17777777777778,40.711111111111116,55.355555555555554,4.420714427485983,16,0,100.0,0.8
11,12,50.63055555555556,52.43333333333334,43.333333333333336,57.91111111111111,4.299012232227247,16,0,100.0,0.8
11,13,50.138888888888886,51.111111111111114,42.62222222222222,57.977777777777774,4.967028738148864,16,0,100.0,0.8
11,14,47.63472222222222,47.94444444444444,36.86666666666667,56.800000000000004,5.451245751836324,16,0,100.0,0.8
11,15,43.275000000000006,43.65555555555555,31.0,52.088888888888896,5.832176252085578,16,0,100.0,0.8
11,16,37.648611111111116,37.93333333333334,23.8,46.644444444444446,6.397269061117346,16,0,100.0,0.8
11,17,30.881944444444443,30.97777777777778,17.466666666666665,39.088888888888896,6.455493561250106,16,0,100.0,0.8
11,18,23.679166666666667,24.666666666666664,11.177777777777777,30.77777777777778,5.614196987898629,16,0,100.0,0.8
11,19,17.09027777777778,18.422222222222224,5.644444444444445,22.933333333333337,5.08846169159514,16,0,100.0,0.8
11,20,10.76527777777778,11.533333333333335,2.6222222222222227,15.600000000000001,3.9881137697324056,16,0,100.0,0.8
11,21,5.540277777777778,6.233333333333334,0.9777777777777775,9.111111111111112,2.710986260027449,16,0,100.0,0.8
11,22,2.125,1.877777777777778,0.35555555555555557,4.555555555555556,1.4417838744904665,16,0,100.0,0.8
11,23,0.7972222222222223,0.5333333333333334,0.0,3.2222222222222223,0.8140686819489135,16,0,100.0,0.8
11,24,0.375,0.2666666666666667,0.0,1.1111111111111114,0.3512587593916809,16,0,100.0,0.8
12,1,2.6208333333333336,2.5555555555555562,0.3111111111111111,6.111111111111112,1.7027785330189855,16,0,100.0,0.8
12,2,4.7652777777777775,4.144444444444446,1.8,9.777777777777777,2.3711984953872474,16,0,100.0,0.8
12,3,8.129166666666666,7.277777777777779,4.844444444444445,15.266666666666666,2.995867867552805,16,0,100.0,0.8
12,4,12.223611111111111,11.055555555555557,8.200000000000001,20.711111111111112,3.77842668718776,16,0,100.0,0.8
12,5,17.543055555555554,16.111111111111107,13.066666666666663,28.222222222222218,4.72528245067775,16,0,100.0,0.8
12,6,24.15416666666667,22.677777777777777,19.11111111111111,37.577777777777776,5.372482662498571,16,0,100.0,0.8
12,7,31.123611111111114,29.900000000000002,24.75555555555556,43.93333333333333,5.367329726694803,16,0,100.0,0.8
12,8,37.91388888888889,37.6,32.22222222222222,47.02222222222223,4.606346489739901,16,0,100.0,0.8
12,9,44.234722222222224,43.93333333333333,37.266666666666666,52.37777777777779,4.15532951454943,16,0,100.0,0.8
12,10,50.06805555555556,50.5,43.48888888888889,57.311111111111124,4.132596260445952,16,0,100.0,0.8
12,11,53.43888888888889,53.366666666666674,47.0,60.800000000000004,4.194784141260375,16,0,100.0,0.8
12,12,54.74305555555556,55.24444444444445,47.86666666666667,61.53333333333334,3.9185784669502404,16,0,100.0,0.8
12,13,54.29444444444445,54.277777777777786,47.26666666666666,61.2,4.456335943480054,16,0,100.0,0.8
12,14,52.272222222222226,52.75555555555556,41.6,60.311111111111124,5.762506884742771,16,0,100.0,0.8
12,15,47.87777777777778,48.44444444444446,36.11111111111111,55.400000000000006,6.284225466350978,16,0,100.0,0.8
12,16,41.775000000000006,42.011111111111106,29.511111111111116,49.28888888888889,6.4447554203385815,16,0,100.0,0.8
12,17,35.05694444444444,35.93333333333333,23.46666666666667,42.35555555555556,5.995751410742767,16,0,100.0,0.8
12,18,28.06527777777778,29.0,17.88888888888889,34.22222222222222,5.409477850706476,16,0,100.0,0.8
12,19,21.254166666666666,22.73333333333333,12.31111111111111,27.022222222222226,4.570601845990078,16,0,100.0,0.8
12,20,15.315277777777778,16.37777777777778,7.8888888888888875,19.73333333333333,3.6407317923103175,16,0,100.0,0.8
12,21,9.904166666666669,10.922222222222224,2.8888888888888897,14.53333333333333,3.226553602243134,16,0,100.0,0.8
12,22,5.809722222222222,6.933333333333334,1.2222222222222223,9.288888888888888,2.549861208197411,16,0,100.0,0.8
12,23,2.8097222222222227,3.488888888888889,0.2,5.133333333333335,1.6677619857618364,16,0,100.0,0.8
12,24,1.725,2.188888888888889,0.022222222222222223,3.977777777777778,1.2258095502556432,16,0,100.0,0.8
