month,source_hour,mean_irradiance_w_m2,median_irradiance_w_m2,min_irradiance_w_m2,max_irradiance_w_m2,std_irradiance_w_m2,valid_observation_count,missing_observation_count
1,1,9.821428571428571,5.277777777777777,0.0,34.72222222222222,10.406395017074384,14,1
1,2,25.666666666666668,21.11111111111111,5.833333333333334,86.66666666666667,20.590328802902597,15,1
1,3,60.53703703703703,52.77777777777778,15.0,155.0,32.81583522844044,15,1
1,4,106.40740740740742,103.88888888888889,32.22222222222222,229.16666666666666,46.12622465391076,15,1
1,5,165.46296296296296,162.77777777777777,49.166666666666664,324.1666666666667,63.56956661892213,15,1
1,6,238.68518518518522,243.33333333333331,88.61111111111111,428.8888888888889,78.56008683038961,15,1
1,7,325.5185185185185,329.72222222222223,136.94444444444443,519.7222222222222,91.03654678898998,15,1
1,8,412.31481481481484,427.49999999999994,190.0,608.0555555555555,103.19823193003931,15,1
1,9,493.33333333333326,509.72222222222223,253.61111111111111,668.3333333333334,109.00746701928817,15,1
1,10,557.0555555555555,582.5,298.33333333333337,710.0,115.9391431770777,15,1
1,11,606.3703703703703,623.8888888888889,325.27777777777777,727.7777777777778,111.36347662991535,15,1
1,12,632.3148148148147,660.0,333.05555555555554,772.2222222222222,113.56800840819407,15,1
1,13,635.5,675.8333333333333,347.49999999999994,774.4444444444443,102.79280241960957,15,1
1,14,602.0740740740741,626.6666666666666,327.2222222222222,743.3333333333334,99.60210005955086,15,1
1,15,550.0555555555554,559.1666666666666,297.22222222222223,683.6111111111111,93.64985538943496,15,1
1,16,475.8888888888889,487.49999999999994,253.33333333333334,605.5555555555555,82.79496732142971,15,1
1,17,393.0,404.72222222222223,221.66666666666669,491.38888888888886,69.6696507044272,15,1
1,18,301.5555555555556,310.5555555555556,172.22222222222223,390.8333333333333,60.90756143997537,15,1
1,19,219.88888888888886,224.44444444444446,121.38888888888889,294.44444444444446,51.2551670729448,15,1
1,20,143.33333333333331,152.5,81.94444444444444,194.44444444444443,35.04170480781068,15,1
1,21,85.4814814814815,96.38888888888889,39.99999999999999,124.44444444444444,29.898134424958467,15,1
1,22,41.42592592592592,45.0,15.833333333333334,83.33333333333333,18.78380745995161,15,1
1,23,16.59259259259259,13.61111111111111,2.4999999999999996,48.61111111111111,12.05626262769325,15,1
1,24,7.925925925925925,5.833333333333334,0.0,25.277777777777775,7.291235185016432,15,1
2,1,0.36458333333333337,0.0,0.0,2.2222222222222223,0.7079701320104754,16,0
2,2,1.0069444444444444,0.2777777777777778,0.0,4.999999999999999,1.4049991579160663,16,0
2,3,7.256944444444445,5.277777777777777,0.0,21.38888888888889,6.662711017821191,16,0
2,4,29.513888888888886,25.138888888888886,2.7777777777777777,73.61111111111111,20.199493739326808,16,0
2,5,72.30902777777777,67.08333333333334,38.333333333333336,135.0,29.304299385048598,16,0
2,6,137.84722222222223,125.55555555555556,89.72222222222223,221.38888888888889,36.71832780380689,16,0
2,7,209.40972222222223,190.83333333333331,150.0,314.4444444444444,45.46330711946374,16,0
2,8,290.8333333333333,277.63888888888886,222.22222222222223,393.6111111111111,51.71324065710115,16,0
2,9,360.88541666666663,346.5277777777777,281.9444444444444,476.1111111111111,59.89713565411873,16,0
2,10,429.2013888888889,413.88888888888886,350.0,543.0555555555555,57.569949848114355,16,0
2,11,478.81944444444446,463.19444444444446,405.55555555555554,611.1111111111112,59.93502139920747,16,0
2,12,493.81944444444446,485.41666666666663,388.3333333333333,619.4444444444445,64.2808027714206,16,0
2,13,504.11458333333337,501.94444444444446,418.3333333333333,655.2777777777777,62.8791559958056,16,0
2,14,482.44791666666663,471.25,396.3888888888889,609.4444444444445,58.878599620853386,16,0
2,15,425.86805555555554,406.66666666666663,313.6111111111111,588.8888888888889,64.53688094460108,16,0
2,16,355.0347222222222,336.94444444444446,243.05555555555554,493.6111111111111,57.72993701340766,16,0
2,17,277.36111111111114,272.3611111111111,166.11111111111111,366.11111111111114,49.427275421123056,16,0
2,18,197.96874999999997,199.30555555555554,102.77777777777777,273.88888888888886,43.39889612272162,16,0
2,19,119.40972222222223,124.02777777777777,51.388888888888886,181.11111111111111,34.797899013017506,16,0
2,20,56.00694444444444,65.55555555555554,11.666666666666668,105.0,26.81821808002266,16,0
2,21,17.586805555555557,17.916666666666668,0.0,38.05555555555556,11.147956847441955,16,0
2,22,5.069444444444445,3.4722222222222223,0.0,21.11111111111111,5.803273519238486,16,0
2,23,1.0243055555555556,0.1388888888888889,0.0,11.11111111111111,2.7455889613807756,16,0
2,24,0.5381944444444444,0.0,0.0,6.666666666666667,1.6681127985367104,16,0
3,1,0.0,0.0,0.0,0.0,0.0,16,0
3,2,0.052083333333333336,0.0,0.0,0.8333333333333334,0.20833333333333334,16,0
3,3,0.642361111111111,0.0,0.0,10.277777777777777,2.569444444444444,16,0
3,4,2.4131944444444446,0.0,0.0,35.833333333333336,8.92568699734007,16,0
3,5,8.003472222222221,1.1111111111111112,0.2777777777777778,73.05555555555556,18.353865817099646,16,0
3,6,27.79513888888889,13.61111111111111,6.388888888888888,139.16666666666666,34.985368598122584,16,0
3,7,79.21875,60.69444444444444,36.38888888888889,224.16666666666669,48.98992282684519,16,0
3,8,149.11458333333331,129.16666666666666,92.5,293.3333333333333,50.340631752560604,16,0
3,9,216.37152777777777,205.69444444444443,142.22222222222223,357.22222222222223,51.68741804995469,16,0
3,10,274.4444444444444,274.58333333333337,192.2222222222222,405.83333333333337,51.69035697415163,16,0
3,11,316.4583333333333,314.16666666666663,227.2222222222222,432.5,56.0720894751301,16,0
3,12,331.7361111111111,319.30555555555554,256.3888888888889,469.1666666666667,54.54106128647613,16,0
3,13,333.2986111111111,318.6111111111111,253.61111111111111,467.2222222222222,55.28153486208409,16,0
3,14,305.2951388888889,293.05555555555554,223.33333333333334,414.1666666666667,49.1392441573741,16,0
3,15,256.05902777777777,257.0833333333333,175.55555555555554,346.1111111111111,45.93252104117006,16,0
3,16,192.10069444444446,193.88888888888889,111.94444444444444,269.44444444444446,43.2974648263723,16,0
3,17,122.56944444444446,127.77777777777777,44.72222222222222,178.05555555555554,37.69769562113887,16,0
3,18,64.61805555555556,58.47222222222222,6.944444444444445,212.5,45.495542561927046,16,0
3,19,16.493055555555554,14.583333333333332,0.2777777777777778,37.22222222222222,10.441328830020895,16,0
3,20,1.6493055555555554,1.1111111111111112,0.0,6.111111111111111,1.7785552408783838,16,0
3,21,0.017361111111111112,0.0,0.0,0.2777777777777778,0.06944444444444446,16,0
3,22,0.0,0.0,0.0,0.0,0.0,16,0
3,23,0.0,0.0,0.0,0.0,0.0,15,1
3,24,0.0,0.0,0.0,0.0,0.0,15,1
4,1,0.0,0.0,0.0,0.0,0.0,16,0
4,2,0.0,0.0,0.0,0.0,0.0,16,0
4,3,0.0,0.0,0.0,0.0,0.0,16,0
4,4,0.0,0.0,0.0,0.0,0.0,16,0
4,5,0.0,0.0,0.0,0.0,0.0,16,0
4,6,0.2777777777777778,0.0,0.0,3.0555555555555554,0.7724686523931189,16,0
4,7,3.6458333333333335,0.6944444444444444,0.0,20.833333333333332,6.144584252645584,16,0
4,8,20.729166666666664,9.166666666666668,3.3333333333333335,59.166666666666664,20.33689378865891,16,0
4,9,49.65277777777778,38.888888888888886,15.277777777777777,103.88888888888889,27.34750084503401,16,0
4,10,87.98611111111111,75.97222222222223,32.5,147.22222222222223,30.126533565801395,16,0
4,11,115.98958333333333,111.25,59.44444444444444,168.33333333333331,26.9088097216852,16,0
4,12,132.04861111111111,126.94444444444444,77.22222222222223,221.66666666666669,32.1742738717901,16,0
4,13,123.38541666666666,129.58333333333334,73.33333333333333,187.5,29.39640013759139,16,0
4,14,101.82291666666666,110.0,46.111111111111114,162.5,30.348451115045467,16,0
4,15,68.29861111111111,72.22222222222223,15.0,118.33333333333333,26.562465202107443,16,0
4,16,31.5625,34.166666666666664,0.8333333333333334,57.77777777777777,16.398106321966022,16,0
4,17,9.635416666666666,9.86111111111111,0.0,31.11111111111111,7.927603718663327,16,0
4,18,0.6423611111111112,0.0,0.0,3.888888888888889,1.0768741439048017,16,0
4,19,0.017361111111111112,0.0,0.0,0.2777777777777778,0.06944444444444446,16,0
4,20,0.0,0.0,0.0,0.0,0.0,16,0
4,21,0.0,0.0,0.0,0.0,0.0,16,0
4,22,0.0,0.0,0.0,0.0,0.0,16,0
4,23,0.0,0.0,0.0,0.0,0.0,16,0
4,24,0.0,0.0,0.0,0.0,0.0,16,0
5,1,0.0,0.0,0.0,0.0,0.0,14,2
5,2,0.0,0.0,0.0,0.0,0.0,14,2
5,3,0.0,0.0,0.0,0.0,0.0,14,2
5,4,0.0,0.0,0.0,0.0,0.0,14,2
5,5,0.0,0.0,0.0,0.0,0.0,14,2
5,6,0.0,0.0,0.0,0.0,0.0,14,2
5,7,0.0,0.0,0.0,0.0,0.0,14,2
5,8,0.019841269841269844,0.0,0.0,0.2777777777777778,0.07423923386456234,14,2
5,9,0.5357142857142856,0.1388888888888889,0.0,2.4999999999999996,0.7426778192709204,14,2
5,10,5.515873015873015,3.0555555555555554,0.0,15.555555555555555,5.159904064800362,14,2
5,11,16.746031746031743,15.277777777777777,2.4999999999999996,32.77777777777778,8.440499367653725,14,2
5,12,26.349206349206344,25.138888888888886,13.333333333333334,44.72222222222222,9.055501247056187,14,2
5,13,25.297619047619047,23.888888888888886,3.0555555555555554,48.05555555555555,11.365393883650114,14,2
5,14,14.86111111111111,14.583333333333332,0.0,34.44444444444444,9.831045414457234,14,2
5,15,4.2063492063492065,3.0555555555555554,0.0,14.444444444444443,4.148617807297957,14,2
5,16,0.3174603174603174,0.0,0.0,1.6666666666666667,0.49758608728398035,14,2
5,17,0.0,0.0,0.0,0.0,0.0,14,2
5,18,0.0,0.0,0.0,0.0,0.0,14,2
5,19,0.0,0.0,0.0,0.0,0.0,14,2
5,20,0.0,0.0,0.0,0.0,0.0,14,2
5,21,0.0,0.0,0.0,0.0,0.0,14,2
5,22,0.0,0.0,0.0,0.0,0.0,14,2
5,23,0.0,0.0,0.0,0.0,0.0,14,2
5,24,0.0,0.0,0.0,0.0,0.0,14,2
6,1,,,,,,0,16
6,2,,,,,,0,16
6,3,,,,,,0,16
6,4,,,,,,0,16
6,5,,,,,,0,16
6,6,,,,,,0,16
6,7,,,,,,0,16
6,8,,,,,,0,16
6,9,,,,,,0,16
6,10,,,,,,0,16
6,11,,,,,,0,16
6,12,,,,,,0,16
6,13,,,,,,0,16
6,14,,,,,,0,16
6,15,,,,,,0,16
6,16,,,,,,0,16
6,17,,,,,,0,16
6,18,,,,,,0,16
6,19,,,,,,0,16
6,20,,,,,,0,16
6,21,,,,,,0,16
6,22,,,,,,0,16
6,23,,,,,,0,16
6,24,,,,,,0,16
7,1,0.0,0.0,0.0,0.0,0.0,10,6
7,2,0.0,0.0,0.0,0.0,0.0,10,6
7,3,0.0,0.0,0.0,0.0,0.0,10,6
7,4,0.0,0.0,0.0,0.0,0.0,10,6
7,5,0.0,0.0,0.0,0.0,0.0,10,6
7,6,0.0,0.0,0.0,0.0,0.0,10,6
7,7,0.0,0.0,0.0,0.0,0.0,10,6
7,8,0.0,0.0,0.0,0.0,0.0,10,6
7,9,0.1388888888888889,0.0,0.0,1.1111111111111112,0.35258208823444026,10,6
7,10,1.5,0.2777777777777778,0.0,7.777777777777778,2.5364286915946566,10,6
7,11,6.5,6.388888888888889,0.0,18.055555555555557,5.931999202669062,10,6
7,12,13.61111111111111,16.666666666666668,4.444444444444445,19.999999999999996,6.402963562822396,10,6
7,13,11.88888888888889,10.555555555555555,3.0555555555555554,25.0,7.382829595724539,10,6
7,14,3.8611111111111107,1.3888888888888888,0.0,11.11111111111111,4.135583650006401,10,6
7,15,0.6388888888888887,0.0,0.0,4.166666666666666,1.2899979264346748,10,6
7,16,0.0,0.0,0.0,0.0,0.0,10,6
7,17,0.0,0.0,0.0,0.0,0.0,10,6
7,18,0.0,0.0,0.0,0.0,0.0,10,6
7,19,0.0,0.0,0.0,0.0,0.0,10,6
7,20,0.0,0.0,0.0,0.0,0.0,10,6
7,21,0.0,0.0,0.0,0.0,0.0,10,6
7,22,0.0,0.0,0.0,0.0,0.0,10,6
7,23,0.0,0.0,0.0,0.0,0.0,10,6
7,24,0.0,0.0,0.0,0.0,0.0,10,6
8,1,0.0,0.0,0.0,0.0,0.0,16,0
8,2,0.0,0.0,0.0,0.0,0.0,16,0
8,3,0.0,0.0,0.0,0.0,0.0,16,0
8,4,0.0,0.0,0.0,0.0,0.0,16,0
8,5,0.0,0.0,0.0,0.0,0.0,16,0
8,6,0.0,0.0,0.0,0.0,0.0,16,0
8,7,0.1909722222222222,0.0,0.0,2.4999999999999996,0.6311426537500978,16,0
8,8,3.836805555555556,1.5277777777777777,0.2777777777777778,17.22222222222222,4.937071854646476,16,0
8,9,18.177083333333332,13.055555555555555,5.277777777777778,44.44444444444444,11.849523244911047,16,0
8,10,44.097222222222214,37.77777777777778,25.277777777777775,104.16666666666666,19.237657044444646,16,0
8,11,69.375,65.0,48.05555555555555,134.72222222222223,19.81200222336868,16,0
8,12,81.45833333333334,80.0,47.22222222222222,151.38888888888889,22.640848585937718,16,0
8,13,79.0625,79.44444444444443,35.27777777777778,147.5,26.924462808584764,16,0
8,14,59.73958333333333,64.02777777777777,10.277777777777777,112.22222222222223,27.493446422618895,16,0
8,15,36.40625,37.77777777777778,0.8333333333333334,111.38888888888889,26.677942976565966,16,0
8,16,11.649305555555555,11.25,0.0,35.55555555555556,9.449600308354546,16,0
8,17,2.2916666666666665,1.1111111111111112,0.0,20.555555555555554,4.964379289336689,16,0
8,18,0.017361111111111112,0.0,0.0,0.2777777777777778,0.06944444444444446,16,0
8,19,0.0,0.0,0.0,0.0,0.0,16,0
8,20,0.0,0.0,0.0,0.0,0.0,16,0
8,21,0.0,0.0,0.0,0.0,0.0,16,0
8,22,0.0,0.0,0.0,0.0,0.0,16,0
8,23,0.0,0.0,0.0,0.0,0.0,16,0
8,24,0.0,0.0,0.0,0.0,0.0,16,0
9,1,0.0,0.0,0.0,0.0,0.0,16,0
9,2,0.0,0.0,0.0,0.0,0.0,16,0
9,3,0.0,0.0,0.0,0.0,0.0,16,0
9,4,0.08680555555555555,0.0,0.0,1.1111111111111112,0.28179958876913336,16,0
9,5,1.3541666666666665,0.0,0.0,11.11111111111111,3.2518987805607273,16,0
9,6,7.673611111111111,1.5277777777777777,0.0,38.333333333333336,12.484094819280656,16,0
9,7,33.94097222222222,22.77777777777778,10.833333333333334,92.22222222222223,27.2977445875644,16,0
9,8,86.66666666666666,75.69444444444446,54.72222222222222,155.0,32.05560369724866,16,0
9,9,148.57638888888889,139.8611111111111,115.83333333333333,212.5,28.09996027558957,16,0
9,10,204.79166666666669,202.3611111111111,170.55555555555554,249.44444444444446,23.538013209351835,16,0
9,11,244.47916666666669,241.25,201.94444444444443,313.3333333333333,27.76775282063385,16,0
9,12,261.23263888888886,261.80555555555554,175.0,345.55555555555554,36.915537110328394,16,0
9,13,258.9236111111111,258.75,145.0,352.22222222222223,46.31735169352016,16,0
9,14,226.89236111111111,243.61111111111111,111.11111111111111,267.22222222222223,45.69144352973843,16,0
9,15,178.71527777777777,197.5,59.44444444444444,230.83333333333331,51.02184989459581,16,0
9,16,116.80555555555557,123.47222222222223,21.38888888888889,172.22222222222223,45.10436001298622,16,0
9,17,57.083333333333336,65.0,2.2222222222222223,89.72222222222223,27.447668126759112,16,0
9,18,17.569444444444443,19.583333333333336,0.2777777777777778,32.5,11.219609156723314,16,0
9,19,1.4583333333333335,1.5277777777777777,0.0,4.722222222222222,1.292985189237865,16,0
9,20,0.0,0.0,0.0,0.0,0.0,16,0
9,21,0.0,0.0,0.0,0.0,0.0,16,0
9,22,0.0,0.0,0.0,0.0,0.0,16,0
9,23,0.0,0.0,0.0,0.0,0.0,16,0
9,24,0.0,0.0,0.0,0.0,0.0,16,0
10,1,0.0,0.0,0.0,0.0,0.0,16,0
10,2,0.5208333333333333,0.0,0.0,4.444444444444445,1.3791323985896011,16,0
10,3,3.923611111111111,0.2777777777777778,0.0,26.666666666666668,8.863897158671584,16,0
10,4,16.458333333333336,7.222222222222222,2.2222222222222223,69.16666666666667,20.488002109836742,16,0
10,5,51.75347222222222,35.69444444444444,21.38888888888889,146.11111111111111,38.88673522475664,16,0
10,6,111.77083333333331,81.94444444444443,61.666666666666664,231.66666666666666,52.3224879656308,16,0
10,7,194.67013888888889,165.83333333333331,130.27777777777777,307.77777777777777,57.20758701283665,16,0
10,8,281.0763888888889,263.05555555555554,209.72222222222223,375.8333333333333,56.16681091310195,16,0
10,9,355.41666666666663,339.44444444444446,284.16666666666663,440.55555555555554,51.17437710835358,16,0
10,10,420.9027777777778,417.63888888888886,362.5,514.7222222222222,46.77066234261684,16,0
10,11,461.35416666666663,454.30555555555554,412.22222222222223,550.5555555555555,42.537066261941945,16,0
10,12,485.1215277777777,474.44444444444446,394.1666666666667,584.4444444444445,46.53397899526417,16,0
10,13,473.62847222222223,475.97222222222223,363.3333333333333,620.2777777777778,56.25380359796735,16,0
10,14,440.4340277777777,454.16666666666663,304.44444444444446,562.2222222222222,62.10347206303324,16,0
10,15,383.6284722222222,406.94444444444446,225.0,526.1111111111111,72.87062699964223,16,0
10,16,311.16319444444446,334.72222222222223,147.22222222222223,428.6111111111111,78.49158029011984,16,0
10,17,233.02083333333331,252.77777777777777,76.66666666666667,336.3888888888889,76.39645585417028,16,0
10,18,149.53125,169.44444444444443,24.72222222222222,220.55555555555557,63.34541135238836,16,0
10,19,80.50347222222223,87.5,1.3888888888888888,190.2777777777778,49.185675207077644,16,0
10,20,28.541666666666664,27.083333333333332,0.0,99.16666666666666,24.428761804319535,16,0
10,21,5.312499999999999,4.583333333333334,0.0,20.277777777777775,5.5831490664267935,16,0
10,22,0.3298611111111111,0.1388888888888889,0.0,1.3888888888888888,0.43293844780577917,16,0
10,23,0.0,0.0,0.0,0.0,0.0,16,0
10,24,0.0,0.0,0.0,0.0,0.0,16,0
11,1,7.65625,4.722222222222222,0.0,27.5,8.67210699973281,16,0
11,2,21.89236111111111,13.055555555555555,0.2777777777777778,81.38888888888889,24.554512033717785,16,0
11,3,55.24305555555556,39.02777777777778,3.6111111111111107,152.5,43.74776596294914,16,0
11,4,108.62847222222221,94.72222222222223,18.333333333333332,219.44444444444446,57.411899652492075,16,0
11,5,174.94791666666669,153.33333333333334,58.05555555555555,303.05555555555554,70.59106854505981,16,0
11,6,252.55208333333334,228.75,116.1111111111111,395.55555555555554,79.7131701371408,16,0
11,7,340.6076388888889,327.22222222222223,223.33333333333334,483.88888888888886,77.27258008653816,16,0
11,8,423.52430555555554,417.5,298.8888888888889,558.3333333333333,75.42865969370858,16,0
11,9,505.78125,499.0277777777777,377.77777777777777,605.5555555555555,69.0978922357242,16,0
11,10,573.6805555555555,576.6666666666665,462.77777777777777,647.5,60.66601376666715,16,0
11,11,615.6944444444443,627.2222222222222,508.8888888888889,691.9444444444445,55.25893034357478,16,0
11,12,632.8819444444443,655.4166666666667,541.6666666666666,723.8888888888888,53.7376529028406,16,0
11,13,626.7361111111112,638.8888888888889,532.7777777777777,724.7222222222222,62.08785922686079,16,0
11,14,595.4340277777778,599.3055555555555,460.8333333333333,710.0,68.14057189795405,16,0
11,15,540.9375,545.6944444444445,387.5,651.1111111111111,72.9022031510697,16,0
11,16,470.60763888888886,474.16666666666663,297.5,583.0555555555555,79.96586326396682,16,0
11,17,386.02430555555554,387.2222222222222,218.33333333333334,488.6111111111111,80.69366951562633,16,0
11,18,295.98958333333337,308.3333333333333,139.72222222222223,384.72222222222223,70.17746234873286,16,0
11,19,213.62847222222223,230.27777777777777,70.55555555555556,286.6666666666667,63.60577114493925,16,0
11,20,134.56597222222223,144.16666666666669,32.77777777777778,194.99999999999997,49.85142212165506,16,0
11,21,69.25347222222223,77.91666666666666,12.222222222222221,113.88888888888889,33.8873282503431,16,0
11,22,26.5625,23.47222222222222,4.444444444444445,56.94444444444444,18.022298431130828,16,0
11,23,9.965277777777777,6.666666666666667,0.0,40.27777777777777,10.175858524361416,16,0
11,24,4.6875,3.333333333333333,0.0,13.88888888888889,4.39073449239601,16,0
12,1,32.76041666666667,31.944444444444446,3.888888888888889,76.3888888888889,21.28473166273732,16,0
12,2,59.56597222222222,51.80555555555556,22.5,122.22222222222221,29.639981192340596,16,0
12,3,101.61458333333333,90.97222222222223,60.55555555555556,190.83333333333334,37.448348344410064,16,0
12,4,152.79513888888886,138.19444444444446,102.5,258.8888888888889,47.23033358984701,16,0
12,5,219.28819444444443,201.38888888888886,163.33333333333331,352.77777777777777,59.06603063347188,16,0
12,6,301.9270833333333,283.4722222222222,238.88888888888889,469.72222222222223,67.15603328123214,16,0
12,7,389.04513888888886,373.75,309.44444444444446,549.1666666666666,67.09162158368505,16,0
12,8,473.9236111111111,470.0,402.77777777777777,587.7777777777778,57.57933112174875,16,0
12,9,552.9340277777778,549.1666666666666,465.8333333333333,654.7222222222223,51.94161893186788,16,0
12,10,625.8506944444445,631.25,543.6111111111111,716.3888888888889,51.65745325557439,16,0
12,11,667.9861111111111,667.0833333333333,587.5,760.0,52.43480176575469,16,0
12,12,684.2881944444445,690.5555555555557,598.3333333333333,769.1666666666666,48.982230836878,16,0
12,13,678.6805555555555,678.4722222222222,590.8333333333333,765.0,55.70419929350068,16,0
12,14,653.4027777777778,659.4444444444445,520.0,753.8888888888889,72.03133605928463,16,0
12,15,598.4722222222222,605.5555555555557,451.38888888888886,692.5,78.55281832938722,16,0
12,16,522.1875,525.1388888888889,368.8888888888889,616.1111111111111,80.55944275423228,16,0
12,17,438.21180555555554,449.16666666666663,293.3333333333333,529.4444444444445,74.94689263428458,16,0
12,18,350.81597222222223,362.5,223.61111111111111,427.77777777777777,67.61847313383093,16,0
12,19,265.67708333333337,284.16666666666663,153.88888888888889,337.77777777777777,57.13252307487597,16,0
12,20,191.44097222222223,204.72222222222223,98.6111111111111,246.66666666666666,45.50914740387896,16,0
12,21,123.80208333333334,136.52777777777777,36.111111111111114,181.66666666666666,40.33192002803918,16,0
12,22,72.62152777777777,86.66666666666666,15.277777777777777,116.1111111111111,31.87326510246763,16,0
12,23,35.12152777777778,43.611111111111114,2.4999999999999996,64.16666666666667,20.847024822022956,16,0
12,24,21.5625,27.36111111111111,0.2777777777777778,49.72222222222222,15.322619378195538,16,0
